region,name,type,address,city,postal_code,phone,email,alt_email,website,confidence,sources,email_source
Abitibi-Témiscamingue,"Mosquée de Rouyn-Noranda - Association Culturelle Musulmane de Rouyn-Noranda (ACMRN, Al-Madinah)",mosque,20 rue Mgr-Tessier Ouest,Rouyn-Noranda,J9X 2S4,,acmrn.operation@gmail.com,,http://acmrn.org/,high,https://prayersconnect.com/mosques/12443730-mosquee-de-rouyn-noranda-rouyn-noranda-quebec-canada https://mawaqit.net/fr/al-madinah-rn https://praysalat.com/mosque/rouyn-noranda/73077-mosquee-de-rouyn-noranda,https://mawaqit.net/fr/al-madinah-rn
Abitibi-Témiscamingue,Mosquée de Val-d'Or - Association Culturelle Musulmane de Val-d'Or,mosque,1153 4e Avenue,Val-d'Or,J9P 1K1,,acmv.qc.ca@gmail.com,,https://acmvaldor.org/,high,https://www.zabihah.com/mosques/1380a94a-776a-11ef-95ae-6045bdeb9f57/association-culturelle-musulmane-de-val-dor-val-d-or-qc https://mawaqit.net/fr/val-dor,https://mawaqit.net/fr/val-dor
Abitibi-Témiscamingue,Mosquée Medina,,16 Rue Dollard,Ville-Marie,J9V 1L2,,siakarim@gmail.com,,,high,https://mawaqit.net/fr/mosquee-medina-ville-marie-ville-marie-j9v-1l2-canada,https://mawaqit.net/fr/mosquee-medina-ville-marie-ville-marie-j9v-1l2-canada
Bas-Saint-Laurent,Mosquée La Pocatière - Centre Culturel Islamique de La Pocatière (CCIP),islamic_centre,502-A 4e Avenue Painchaud,La Pocatière,G0R 1Z0,,contact@ccilapoc.ca,masjidccip@gmail.com,https://ccilapoc.ca/,high,https://ccilapoc.ca/,https://ccilapoc.ca/a-propos
Bas-Saint-Laurent,Mosquée de Rimouski - Centre Islamique de Rimouski,mosque,111 rue Saint-Jean-Baptiste Est,Rimouski,G5L 1Y5,,,,https://mawaqit.net/en/mosquee-de-rimouski-rimouski,high,https://www.mosquee-proche.com/fr/mosquee/mosquee-de-rimouski-rimouski/2018/ https://mawaqit.net/fr/mosquee-de-rimouski-rimouski https://praysalat.com/mosque/rimouski/72490-rimouski-islamic-centre https://www.openstreetmap.org/node/4672079861,
Bas-Saint-Laurent,Association Socio-Culturelle Islamique Louperivoise (ASCIL),islamic_centre,174 rue Lafontaine,Rivière-du-Loup,G5R 3A7,,associationrdl.ascil@gmail.com,,https://association-socio-culturelle-islamique.business.site/,high,https://www.mosquee-proche.com/fr/mosquee/ascil-rdl-riviere-du-loup-g5r3a7-canada/4251/ https://mawaqit.net/fr/ascil https://praysalat.com/mosque/riviere-du-loup/74318-association-socio-culturelle-islamique-louperivoise https://praysalat.com/mosque/riviere-du-loup/74319-mosquee,https://mawaqit.net/fr/ascil
Capitale-Nationale,Centre Luqman de Québec,,5485 Boulevard de l'Ormière,Quebec,G1P 1K6,,centreculturelluqman@gmail.com,,https://ccilq.com/,high,https://mawaqit.net/fr/centre-culturel-islamique-luqman-quebec-g1p-1k6-canada,https://mawaqit.net/fr/centre-culturel-islamique-luqman-quebec-g1p-1k6-canada
Capitale-Nationale,Mosquée Al-Rahma,mosque,"363 rue de la Couronne, unité 301-302",Québec,G1K 6E9,418-261-6652,mosquee.alrahma@gmail.com,,https://mac-quebec.org,high,"https://islammessage.org/en/center/2104/Mosquee-Al-Rahma--363-Rue-de-la-Couronne,-Unit-301-302,-Quebec-City,-QC-G1K-6E9 https://mawaqit.net/fr/rahma-mac-qc",https://mawaqit.net/fr/rahma-mac-qc
Capitale-Nationale,Mosquée de Beauport,,2268 Avenue Larue,Quebec,G1C 1K1,0014182611765,association.mosquee.beauport@gmail.com,,http://www.mosqueebeauport.ca/,high,https://mawaqit.net/fr/mosquee-de-beauport-quebec-g1c-1k1-canada https://praysalat.com/mosque/quebec-city/78290-association-de-la-mosquee-de-beauport,https://mawaqit.net/fr/mosquee-de-beauport-quebec-g1c-1k1-canada
Capitale-Nationale,Mosquée de la Capitale,mosque,270 rue Marie-de-l'Incarnation,Québec,G1N 3G6,418-914-2025,info@mosqueedelacapitale.com,,http://www.mosqueedelacapitale.com/,high,https://www.yellowpages.ca/bus/Quebec/Quebec/Mosquee-De-La-Capitale/8113912.html https://mawaqit.net/fr/capitale-qc https://praysalat.com/mosque/quebec-city/78279-mosquee-de-la-capitale https://praysalat.com/mosque/la-prairie/99848-mosquee-de-la-capitale,https://www.mosqueedelacapitale.com/nous-joindre/
Capitale-Nationale,Mosquee Des Lacs,,20845 Boul. Henri-Bourassa,Québec,G2N 1P6,+1 418-914-2025,,,,high,https://praysalat.com/mosque/la-prairie/99849-mosquee-des-lacs,
Capitale-Nationale,Mosquée Al-Athar,mosque,1098 4e Avenue,Québec (Limoilou),G1J 3B2,+15818888989,salafisdequebec@hotmail.com,,https://www.facebook.com/mosqueealathar/,high,https://mawaqit.net/en/m/masjid-al-athar-quebec-g1j-3b3-canada https://mawaqit.net/fr/masjid-al-athar-quebec-g1j-3b3-canada https://praysalat.com/mosque/quebec-city/78288-mosquee-al-athar,https://mawaqit.net/fr/masjid-al-athar-quebec-g1j-3b3-canada
Capitale-Nationale,Mosquée de Québec à Limoilou,mosque,1287 1re Avenue,Québec (Limoilou),G1L 3K7,418-473-4447,,,http://www.mosqueedequebec.com/,high,https://fr.wikipedia.org/wiki/Mosqu%C3%A9e_de_Qu%C3%A9bec_%C3%A0_Limoilou https://praysalat.com/mosque/quebec-city/78278-mosquee-de-quebec-a-limoilou,
Capitale-Nationale,"AÉMUL prayer room - Université Laval (Pavillon Alphonse-Marie-Parent, local 0719; Jumu'ah at Pavillon Ernest-Lemieux, salle 1575)",university,2255 rue de l'Université,Québec (Sainte-Foy),G1V 0A7,,aemul@asso.ulaval.ca,,https://aemul.asso.ulaval.ca/,high,https://therevertproject.org/masjidquebeccity https://praysalat.com/mosque/quebec-city/78289-aemul-prayer-room,https://www.aemul.asso.ulaval.ca/contact
Capitale-Nationale,Centre Culturel Islamique de Québec (CCIQ) - Grande Mosquée de Québec,islamic_centre,2877 chemin Sainte-Foy,Québec (Sainte-Foy),G1V 1W3,418-683-1329,info@cciq.org,,https://cciq.org/,high,https://www.mosquee-proche.com/mosquee/cciq/2022/ https://mawaqit.net/fr/cciq https://praysalat.com/mosque/quebec-city/73607-quebec-islamic-cultural-centre https://www.openstreetmap.org/way/219208845,https://mawaqit.net/fr/cciq
Capitale-Nationale,"Mosquée Annour (Centre Culturel Islamique de Québec, site Myrand)",mosque,794 avenue Myrand (some listings give 796),Québec (Sainte-Foy),G1V 2V2,418-683-1329,info@cciq.org,,https://cciq.org,high,https://www.yellowpages.ca/bus/Quebec/Quebec/Centre-Culturel-Islamique/100757869.html ; https://initiatives-musulmanes.com/dalilook/directory/mosquee-annour/ https://prayersconnect.com/mosques/12412884-annour-mosque-quebec-quebec-canada https://praysalat.com/mosque/quebec-city/78280-annour-mosque,https://quebec-qc.allcanadachurches.com/mosquee-annour/ (search snippet)
Centre-du-Québec,Centre Islamique de Drummondville,islamic_centre,480 rue Saint-Jean,Drummondville,J2C 0J8,+1 819-818-4544,centreislamiquedrummondville@hotmail.com,cidrummondville@gmail.com,https://centreislamiquededrummondville.com/,high,https://centreislamiquededrummondville.com/ https://td.maptons.com/p/1920918333 https://praysalat.com/mosque/drummondville/70093-drummondville-islamic-centre https://praysalat.com/mosque/drummondville/70092-centre-communautaire-musulman-de-drummondville https://praysalat.com/mosque/drummondville/70094-mosquee,https://centreislamiquededrummondville.com/
Centre-du-Québec,Association Culturelle Islamique des Bois-Francs (ACIB),mosque,1521 rue Notre-Dame Ouest,Victoriaville,G6P 7L9,+1 819-460-1251,Acibfvictoriaville@gmail.com,,https://acibf.org/,high,https://prayersconnect.com/fr/mosques/12426349-islamic-cultural-association-of-bois-francs-victoriaville-quebec-canada https://mawaqit.net/fr/acibf-victoriaville-g6p7l9-canada https://praysalat.com/mosque/victoriaville/99711-acibf-cultural-association-islamique-des-bois-francs,https://mawaqit.net/fr/acibf-victoriaville-g6p7l9-canada
Centre-du-Québec,Centre Culturel Islamique de Victoriaville,islamic_centre,359-B rue Girouard,Victoriaville,G6T 2B1,+1 819-806-2016,masjid.victo@gmail.com,,https://www.facebook.com/CentreCIV/,high,https://www.facebook.com/CentreCIV/ https://mawaqit.net/fr/cci-victoriaville https://praysalat.com/mosque/victoriaville/99712-centre-culturel-islamique-de-victoriaville,https://mawaqit.net/fr/cci-victoriaville
Chaudière-Appalaches,Levis Mosque (Mosquée de Lévis),,5020 Bd Guillaume-Couture,Lévis,G6V 4Z6,,,,http://www.mosqueedelevis.com/,high,https://praysalat.com/mosque/levis/63051-levis-mosque,
Chaudière-Appalaches,Mosquée de Lévis - Centre culturel AMMGL (Association des musulmanes et musulmans du Grand Lévis),islamic_centre,39 rue Guénette,Lévis,G6V 5M9,418-803-0212,,,https://centreculturelammgl.ca/,high,https://www.lesoleil.com/actualites/actualites-locales/la-capitale/2025/11/30/un-reve-devenu-realite-la-mosquee-de-levis-a-trouve-son-nouveau-toit-YC2SEX7YIJAK5PLFHEPLGTA3OQ/,
Chaudière-Appalaches,Centre Culturel Islamique de la Beauce,islamic_centre,10949 2e Avenue,Saint-Georges,G5Y 1V9,,secretariat@ccidelabeauce.ca,,https://ccidelabeauce.ca/,high,https://mawaqit.net/en/cci-de-la-beauce-saint-georges-g5y-1v9-canada,https://ccidelabeauce.ca/fr/contact
Chaudière-Appalaches,CCI   SAINTE   MARIE   QC,,323 Av. du Collège,Sainte-Marie,G6E 3Y2,+14183690630,ccidesaintemarie@gmail.com,,,high,https://mawaqit.net/fr/cci-ste-marie,https://mawaqit.net/fr/cci-ste-marie
Chaudière-Appalaches,Centre Culturel Islamique de Thetford Mines,islamic_centre,53 Rue Notre-Dame Ouest,Thetford Mines,G6G 1J4,+14188008883,Centreculturelislamique2025@gmail.com,,https://www.youtube.com/@CentreculturelIslamique,high,https://www.facebook.com/p/Centre-Culturel-Islamique-61573929870434/ https://mawaqit.net/fr/mosquee-al-hamd-thetford-mines-g6g-1j4-canada https://praysalat.com/mosque/thetford-mines/99850-mosquee-thetford-mines-al-hamd,https://mawaqit.net/fr/mosquee-al-hamd-thetford-mines-g6g-1j4-canada
Côte-Nord,CCM de la Côte Nord,,298 Av. Brochu,Sept-Îles,G4R 2W3,+14189602551,ccmcotenord@gmail.com,,http://ccmcotenord.wixsite.com/ccmcn,high,https://mawaqit.net/fr/ccm-sept-iles,https://mawaqit.net/fr/ccm-sept-iles
Côte-Nord,Centre Culturel Musulman de la Côte-Nord (Mosquée de Sept-Îles),islamic_centre,,Sept-Îles,,,,,https://ccmcotenord.wixsite.com/ccmcn,low,https://iqna.ir/fr/news/3496693/la-mosquee-de-sept-iles-ouvre-ses-portes-et-fait-decouvrir-le-patrimoine-musulman,
Estrie,Centre culturel islamique de Lac-Mégantic,islamic_centre,Corner of rue Québec-Central and rue Dollard (street number not found),Lac-Mégantic,,,,,,medium,https://echodefrontenac.com/2021-11-03/un-centre-culturel-islamique-ouvert-a-toute-la-communaute-7448,
Estrie,Mosquée Al-Sahaba (ACIM Magog),mosque,33 rue Saint-Patrice Est,Magog,J1X 1T5,+18199190544,,,http://www.acim-magog.ca,high,https://www.omradiscount.fr/mosquees/canada/magog/acim-magog-qc-j1x-1t5-canada https://mawaqit.net/fr/acim-magog https://praysalat.com/mosque/magog/99819-mosquee-magog,
Estrie,"AMUS prayer room - Université de Sherbrooke (Association des Musulmanes et Musulmans de l'UdeS), local E1-0020",university,"2500 boulevard de l'Université, local E1-0020 (AMUS office E1-012-1, Services à la vie étudiante)",Sherbrooke,J1K 2R1,873-888-9588,amus@usherbrooke.ca,,https://amus.association.usherbrooke.ca/,high,https://amus.association.usherbrooke.ca/ ; https://fmeq.ca/en/campus-resources/universite-de-sherbrooke-sherbrooke-campus/ https://mawaqit.net/fr/amus,https://amus.association.usherbrooke.ca/contact/ (search snippet)
Estrie,Mosquée A'Rahmane - Association culturelle islamique de l'Estrie (ACIE),mosque,1200 rue Massé,Sherbrooke,J1H 5X2,0018198201566,contact@acie.ca,,https://www.acie.ca/,high,https://mawaqit.net/en/mosquee-rahman-ctr-culturel-sherbrooke-qc https://mawaqit.net/fr/mosquee-rahman-ctr-culturel-sherbrooke-qc https://praysalat.com/mosque/sherbrooke/60431-lassociation-culturelle-islamique-de-lestrie https://www.openstreetmap.org/way/360070036,https://mawaqit.net/fr/mosquee-rahman-ctr-culturel-sherbrooke-qc
Estrie,Mosquée Annour - Centre Culturel Islamique de Sherbrooke (CCIS),mosque,"3232 rue Richard, local 4",Sherbrooke,J1L 1Y2,819-481-1548,contact@ccis-annour.ca,imam@ccis-annour.ca,https://www.ccis-annour.ca/,high,https://canada247.info/explore/quebec/la_region_sherbrookoise/sherbrooke/jacques_cartier/mosque_annour.html https://mawaqit.net/fr/annour-sherbrooke https://praysalat.com/mosque/sherbrooke/60430-centre-culturel-islamique-de-sherbrooke,https://mawaqit.net/fr/annour-sherbrooke
Estrie,Student prayer room,,19 MacKinnon Dr,Sherbrooke,J1M 0C8,,,,,high,https://praysalat.com/mosque/sherbrooke/60432-student-prayer-room,
Lanaudière,Mosquée de Joliette - ACML (Association Culturelle des Musulmans de Lanaudière),mosque,1260 Rue Notre-Dame,Joliette,J6E 7L2,450-750-0123,acmljoliette@gmail.com,info@acml-joliette.org,https://acml-joliette.org/,high,https://prayersconnect.com/mosques/12412579-joliette-mosque-joliette-quebec-canada https://mawaqit.net/fr/acml-qc https://praysalat.com/mosque/joliette/72470-joliette-mosque,https://mawaqit.net/fr/acml-qc
Lanaudière,Centre Communautaire Musulman Essalam,islamic_centre,"2685 Chemin Sainte-Marie, local L",Mascouche,J7K 1M8,438-396-6648,contact@essalam.ca,,https://www.essalam.ca,high,https://www.profilecanada.com/companydetail.cfm?company=719719_Centre_Communautaire_Musulman_Essalam_Mascouche_QC,https://www.essalam.ca/contact
Lanaudière,Centre Culturel Islamique de Lanaudière (CCIL) / Masjid At-Tassamouh,mosque,589 Rue Leclerc (older listings: 597 Boulevard Iberville),Repentigny,J6A 7N3,450-932-3932,communication@ccilanaudiere.org,,https://ccilanaudiere.org/,high,https://www.lejournaldejoliette.ca/commerces/associations/46943/centre-culturel-islamique-de-lanaudiere https://mawaqit.net/fr/ccil https://praysalat.com/mosque/repentigny/99602-centre-culturel-islamique-de-lanaudiere,https://mawaqit.net/fr/ccil
Lanaudière,Masjid Terrebonne,mosque,3657-3675,Sainte-Julienne,J7L 3X6,,,,,high,https://prayersconnect.com/mosques/12402132-masjid-terrebonne-sainte-julienne-quebec-canada https://praysalat.com/mosque/terrebonne/99590-masjid-terrebonne,
Lanaudière,Mosquée Al-Firdaws (Centre Culturel Musulman de Terrebonne),mosque,3660 chemin Gascon,Terrebonne,J6X 4J1,+1 438-738-0650,alfirdawsmasjid@gmail.com,,https://mosqueealfirdaws.net/,high,https://mosqueealfirdaws.net/ https://mawaqit.net/fr/al-firdaws-terrebonne https://praysalat.com/mosque/terrebonne/99591-centre-culturel-musulman-de-terrebonne,https://mosqueealfirdaws.net/nous-joindre
Laurentides,Centre Zackaria - مركز زكريا,,24 Rue Saint-Eustache,Saint-Eustache,J7R 2K9,,zackariacenter@gmail.com,,https://centrezackaria.ca/,high,https://mawaqit.net/fr/markaz-zackaria-se-qc,https://mawaqit.net/fr/markaz-zackaria-se-qc
Laurentides,Masjid Al-Hak,mosque,735 A Rue Labelle,Saint-Jérôme,J7Z 5M2,+1 450-821-3559,,,http://www.masjidrivnord.ca/,high,https://mawaqit.net/en/m/masjid-al-hak-saint-jerome-j7z-5m2-canada https://praysalat.com/mosque/saint-jerome/68449-masjid-al-hak,
Laurentides,Mosquée Minaret du Nord,mosque,293 Rue Labelle,Saint-Jérôme,J7Z 5L2,450-821-3559,info@manaratalchamal.org,info@manaratalchamal.org,https://manaratalchamal.org,high,https://yably.ca/reviews/saint-jerome/mosquee-minaret-du-nord-293-rue-labelle https://mawaqit.net/fr/minaret-du-nord https://praysalat.com/mosque/saint-jerome/68448-mosquee-minaret-du-nord,https://mawaqit.net/fr/minaret-du-nord
Laurentides,Centre CCBL,,2950 Boul. Des Promenades,Sainte-Marthe-Sur-Le-Lac,J0N 1P0,0015147123075,info@ccblaurentides.ca,,https://www.ccblaurentides.ca/,high,https://mawaqit.net/fr/ccblaurentides,https://mawaqit.net/fr/ccblaurentides
Laurentides,Centre Rayan,islamic_centre,110 Bd du Curé-Labelle #9,Sainte-Thérèse,J7E 2W3,,info@centrerayan.ca,info@centrerayan.com,https://centrerayan.ca/,high,https://www.facebook.com/centrerayansaintetherese/ https://praysalat.com/mosque/sainte-therese/71419-centre-rayan-mosque https://praysalat.com/mosque/blainville/99686-centre-rayan-mosque,https://centrerayan.ca/a-propos
Laval,Association des Jeunes Al Zahraa,,3943 Bd Leman,Laval,H7E 4V7,,,,https://www.facebook.com/Shabab.Alzahraa.ca?mibextid=ZbWKwL,high,https://praysalat.com/mosque/laval/47734-association-des-jeunes-al-zahraa,
Laval,Centre Al Nassr,,5047 Boul Lévesque E,Laval,H7C 1N3,,,,,high,https://praysalat.com/mosque/laval/47717-centre-al-nassr,
Laval,Masjid Ammar - Centre Orchidées,mosque,911 Montée Gravel,Laval,H7X 2B6,+1 514-814-8498,info@canadianmuslimfamily.com,,http://Canadianmuslimfamily.com,high,https://mawaqit.net/fr/centre-orchidees-laval https://praysalat.com/mosque/laval/47715-masjid-ammar-centre-communautaire-des-orchidees https://praysalat.com/mosque/saint-eustache/99720-masjid-ammar-centre-communautaire-des-orchidees https://praysalat.com/mosques/canada/quebec/laval,https://mawaqit.net/fr/centre-orchidees-laval
Laval,Mosquée Al Ansar,,221 Boulevard des Laurentides,Laval,H7G 2T7,+1 514-466-7228,,,http://www.mosqueealansar.com/,high,https://praysalat.com/mosque/montreal/2287-mosquee-al-ansar,
Laval,Taiba Mosque,mosque,,Laval,,,,,,low,https://esalah.com/mosques/canada/laval/laval/,
Laval,Centre Communautaire Musulman IQRA (CCMI / Centre IQRA),islamic_centre,960 Boulevard du Curé-Labelle,Laval (Chomedey),H7V 2V5,514-250-0265,contact@centreiqra.org,,https://centreiqra.org/,high,https://www.mosquee-proche.com/fr/mosquee/ccmi-centre-communautaire-musulman-iqra-laval-h7v-2v5-canada/5496/ https://mawaqit.net/fr/iqra-laval-h7v-2v5-canada https://praysalat.com/mosque/laval/47719-ccmi-centre-communautaire-musulman-iqra https://praysalat.com/mosque/cote-saint-luc/99772-ccmi-centre-communautaire-musulman-iqra,https://mawaqit.net/fr/iqra-laval-h7v-2v5-canada
Laval,Centre Culturel Islamique de Laval (Khalid Ben El Walid),mosque,1330 Rue Antonio,Laval (Chomedey),H7V 3N4,450-680-1612,contact@ccil-kbw.com,ccil.kbw@gmail.com,https://www.ccil-kbw.com,high,https://esalah.com/mosques/canada/laval/laval/ https://mawaqit.net/fr/kbw https://praysalat.com/mosque/montreal/2268-laval-islamic-cultural-centre https://www.openstreetmap.org/way/372117220,https://mawaqit.net/fr/kbw
Laval,Centre Kawtar de Laval,mosque,3871 Autoroute des Laurentides,Laval (Chomedey),H7L 3H7,450-682-8055,centrekawtar@outlook.com,,https://www.centrekawtar.net/,high,"https://islammessage.org/en/center/2067/Centre-Kawtar-de-Laval--3871-Autoroute-des-Laurentides,-Chomedey,-QC-H7L-3H7 https://praysalat.com/mosque/laval/47712-centre-kawtar-de-laval",https://centrekawtar.net/nous-joindre
Laval,Markaz AICP Laval,musalla,1316 Boulevard du Curé-Labelle,Laval (Chomedey),H7V 2W1,,,,,high,https://irizq.com/index.php/markaz-aicp-laval https://praysalat.com/mosque/laval/47720-markaz-aicp-laval https://praysalat.com/mosque/cote-saint-luc/99770-markaz-aicp-laval,
Laval,Mosquée Centre le Message (École Coranique Laval Fabreville),mosque,3321 Boulevard Dagenais Ouest,Laval (Fabreville),H7P 1V5,+1 438-229-3044,info@centrelemessage.com,,https://centrelemessage.com/,high,https://centrelemessage.com/ ; https://centrelemessage.com/contact/ https://praysalat.com/mosque/saint-eustache/99719-markaz-ar-rissalah,https://centrelemessage.com/contact/ (via search snippet)
Laval,Jamia Masjid Siddiquia (Masjid Noor e Jamia-e-Siddiquia Community Center),mosque,1655 Rue du Couvent,Laval (Laval-des-Rapides),H7W 3A8,438-788-0496,communitycentresiddiquia@gmail.com,,https://jamiasiddiquialaval.com/,high,https://jamiasiddiquialaval.com/contact-us/ https://praysalat.com/mosque/montreal/2294-community-center-siddiquia,https://jamiasiddiquialaval.com/contact.html
Laval,Masjid Al-Jisr (Centre Al-Jisr),mosque,3005 Boulevard Cartier Ouest,Laval (Laval-des-Rapides),H7V 1J3,450-681-2133,mail.aljisr@gmail.com,,http://centrealjisr.com,high,https://canada247.info/explore/quebec/laval/masjid-aljisr-450-681-2133.html https://mawaqit.net/fr/al-jisr-laval https://praysalat.com/mosque/laval/47713-centre-aljisr https://www.openstreetmap.org/node/11393154884,https://mawaqit.net/fr/al-jisr-laval
Laval,Masjid Al-Itissam (Association Islamique Al Ihssane de Laval),mosque,600 Boulevard des Laurentides,Laval (Pont-Viau),H7G 2V5,450-668-4381,info@al-itissam.org,,https://al-itissam.org/,high,https://prayersconnect.com/fr/mosques/12461611-masjid-al-itissam-laval-quebec-canada https://mawaqit.net/fr/alitissam-laval https://praysalat.com/mosque/montreal/2261-masjid-al-itissam https://www.openstreetmap.org/way/232660679,https://al-itissam.org/contactez-nous/
Laval,Centre Assalam de Laval Est,islamic_centre,1245 Montée du Moulin,Laval (Saint-François),H7A 3V6,450-256-0115,info@centre-assalam.com,,https://centre-assalam.com/,high,https://muslimguideme.com/en/place/Centre-Assalam-De-Laval-Est/1321 https://mawaqit.net/fr/assalam-laval https://praysalat.com/mosque/laval/47716-centre-assalam-de-laval-est,https://centre-assalam.com/fr/contact
Laval,Masjid Okba Ben Nafi,mosque,77 Boulevard Samson (older listings: 270 Boulevard Samson #201),Laval (Sainte-Dorothée),H7X 3E6,450-238-1402,,,http://www.okba.org,medium,https://esalah.com/mosques/canada/laval/laval/,
Laval,Centre Aman Laval,mosque,35 Boulevard du Curé-Labelle,Laval (Sainte-Rose),H7L 2Y8,514-802-3732,masjid.alamane@gmail.com,,https://amanlaval.com/,high,https://www.mosquee-proche.com/en/mosquee/centre-aman-laval/2025/ https://praysalat.com/mosque/montreal/2297-mosque-aman-laval https://praysalat.com/mosque/boisbriand/99820-mosque-aman-laval https://www.openstreetmap.org/node/10072733735,https://www.mosquee-proche.com/en/mosquee/centre-aman-laval/2025/
Laval,Centre Islamique Ahmadiyya de Laval,mosque,3868 Boulevard Sainte-Rose,Laval (Sainte-Rose),H7P 1C9,+1 581-777-7955,,,http://www.ahmadiyya.ca/,high,https://www.pagesjaunes.ca/search/si/1/Centre-Culturel-Islamique-De-Ste-Rose/Laval+QC https://praysalat.com/mosque/laval/47714-centre-islamique-ahmadiyya-de-laval,
Laval,Masjid Al-Forqane (Mosquée Al-Forqane),mosque,3390 Boulevard Sainte-Rose (one source says it moved to 3400 Boulevard Sainte-Rose),Laval (Sainte-Rose / Fabreville),H7P 4K8 (OTHER LISTINGS GIVE H7R 3R2),+1 438-638-9777,aahmedb@yahoo.fr,,https://alforqanelaval.ca/,high,https://mawaqit.net/en/alforqane-laval ; https://prayersconnect.com/mosques/12442048-masjid-al-forqane-laval-quebec-canada https://www.waze.com/live-map/directions/ca/qc/laval/masjid-al-forqane?to=place.ChIJGznsqVQlyUwR5EMpGnGgPqs https://mawaqit.net/fr/alforqane-laval https://praysalat.com/mosque/montreal/2256-masjid-al-forqane https://praysalat.com/mosque/saint-eustache/99718-masjid-al-forqane,No email found in search results
Laval,Centre Al-Iman (مركز الايمان),islamic_centre,5050-5080 Boulevard des Laurentides,Laval (Vimont),H7K 2J5,+1 579-279-9911,centre.aliman@gmail.com,centrealiman@gmail.com,https://centrealiman.ca/,high,https://centrealiman.ca/ ; https://mawaqit.net/en/m/aliman-laval https://canada247.info/explore/quebec/laval/centre-al-iman-514-518-5418.html https://mawaqit.net/fr/aliman-laval https://praysalat.com/mosque/montreal/2295-centre-al-iman,"Search snippets of centrealiman.ca (two spellings appeared: centre.aliman@gmail.com and centrealiman@gmail.com; verify which is current). Founded 2008 by Vimont/Auteuil residents. Older lists (scribd 'Liste Mosque') show 'Imane / Al-Imane, 4676 boul. des Laurentides, H7K 2J4', which is likely an earlier address of the same centre, so it is not added separately."
Mauricie,Centre Culturel Musulman de Shawinigan (CCMS),islamic_centre,2483 avenue Saint-Marc,Shawinigan,G9N 2J4,,,,http://ccmshawinigan.ca/,high,https://ici.radio-canada.ca/nouvelle/712529/mosquee-shawinigan-rue-saint-marc https://mawaqit.net/fr/ccm-shawinigan https://praysalat.com/mosque/shawinigan/72465-centre-culturel-musulman-de-shawinigan,
Mauricie,Centre Culturel Islamique de la Mauricie (CCIM),islamic_centre,5375 rue Saint-Joseph,Trois-Rivières,G8Z 4M5,819-378-0419,contact@ccim3r.ca,,https://ccim3r.ca/,high,https://ccim3r.ca/histoire.html https://mawaqit.net/fr/ccim3r https://praysalat.com/mosque/trois-rivieres/63621-centre-culturel-islamique-de-la-mauricie,https://ccim3r.ca/
Mauricie,Minhaj As-Sunnah An-Nabawiyyah,,3450 Bd du Chanoine Moreau,Trois-Rivieres,G8Y 0K2,+18736644996,,,,high,https://mawaqit.net/fr/assounna-annabawiyya-3r https://praysalat.com/mosque/trois-rivieres/63622-minhaj-sunnah-nabawiyyah,
Montréal,ASEC - مركز الهجرة,,8750 Bd Métropolitain E,Anjou,H1K 4Y9,,,,http://asecmtl.org/,high,https://mawaqit.net/fr/elhidjra-mtl https://praysalat.com/mosque/montreal/2285-masdjid-elhidjra https://praysalat.com/mosque/saint-lambert/99874-centre-al-hijra,
Montréal,Canadian Islamic Centre (Al-Jamieh),islamic_centre,241 Avenue Anselme-Lavigne,Dollard-des-Ormeaux,H9A 3H6,514-624-5833,cicaljamieh@gmail.com,,,high,https://proudmuslimmtl.ca/masjids/pierrefonds-roxboro/ https://mawaqit.net/fr/cic-aljamieh https://praysalat.com/mosque/montreal/2227-canadian-islamic-centre-al-jamieh https://www.openstreetmap.org/way/47221141,http://cical-jamieh.com/en/contact-us/
Montréal,Islamic Centre of West Island (Centre Islamique du West Island),islamic_centre,31 Rue Montrose,Dollard-des-Ormeaux,H9B 2J5,514-684-3100,elnizsa@yahoo.com,,http://icwestisland.com,high,https://muslimlink.ca/directory/montreal/muslim-services/masjids-musallahs/3152-centre-islamique-du-west-island?city=montreal https://mawaqit.net/fr/icwi,https://mawaqit.net/fr/icwi
Montréal,Sakina Center West Island,,2111-A Boul Saint Regis,Dollard-Des-Ormeaux,H9B 2M9,,,,https://sakinamontreal.com,high,https://mawaqit.net/fr/sakina-mtl https://praysalat.com/mosque/pointe-claire/99783-masjid-sakina https://praysalat.com/mosque/cote-saint-luc/99775-mosque,
Montréal,Association Musulmane Turque de Montréal (Turkish Muslim Association of Montreal / Mosquée Dorval),mosque,416 Boulevard Neptune,Dorval,H9S 2L8,514-636-2827,,,www.elfath.ca (as listed; unverified),high,https://www.yellowpages.ca/bus/Quebec/Dorval/Association-Musulmane-Turque-De-Montreal/116967.html ; https://muslimlink.ca/directory/montreal/muslim-services/masjids-musallahs/3137-mosquee-dorval-mosque?city=montreal https://praysalat.com/mosque/montreal/2270-turkish-muslim-association-of-montreal,
Montréal,Salle de prière de l'Aéroport YUL,,bd Roméo-Vachon N,Dorval,H4Y 1H1,,,,,high,https://mawaqit.net/fr/salle-de-priere-de-l-aeroport-yul-dorval-qc-h4y-1h1-canada,
Montréal,Mosquée Al-sahabah - AML - مسجد الصحابة,,1212 Rue Notre Dame,Lachine,H8S 2C6,+15142453081,info.aml.org@gmail.com,,http://www.amlachine.org/,high,https://mawaqit.net/fr/al-sahabah-lachine https://praysalat.com/mosque/cote-saint-luc/99750-al-sahabah-lachine-mosquee,https://mawaqit.net/fr/al-sahabah-lachine
Montréal,The Iranian Islamic Center of Montreal Inc (Centre islamique iranien de Montréal Inc),,210 St Jacques St,Lachine,H8R 1E2,+1 514-366-1509,,,,high,https://praysalat.com/mosque/montreal/2258-the-iranian-islamic-center-of-montreal-inc https://praysalat.com/mosque/cote-saint-luc/99752-the-iranian-islamic-center-of-montreal-inc,
Montréal,LaSalle Islamic Center,,495 Av Lafleur,Lasalle,H8R 3J2,+14389935302,sheikhzayed.center.ca@gmail.com,contact@zayedcenter.ca,,high,https://mawaqit.net/fr/sheikh-zayed-cultural-islamique-center-lasalle-h8r3j2-canada https://praysalat.com/mosque/cote-saint-luc/99748-sheikh-zayed-cultural-islamic-center https://www.openstreetmap.org/way/1149326197,https://mawaqit.net/fr/sheikh-zayed-cultural-islamique-center-lasalle-h8r3j2-canada
Montréal,Ismaili Community Centre And Jamatkhana - Montreal (Centre communautaire Ismaili et Jamatkhana),,2405 Chem. Duncan,Mont-Royal,H4P 2A2,+1 514-738-8866,,,,high,https://praysalat.com/mosque/cote-saint-luc/99779-ismaili-community-centre-and-jamatkhana-montreal,
Montréal,مسجد الروضة,,12265 Boul. Laurentien,Montréal,H4K 1N5,+15142275000,info@alrawdah.ca,,https://alrawdah.ca,high,https://mawaqit.net/fr/alrawdah-mac,https://mawaqit.net/fr/alrawdah-mac
Montréal,Aljazira Islamic Center,,280 Rue Elgar,Montreal,H3E 1C9,,,,http://www.mosqueprayertimes.com/aljaziramosque,high,https://mawaqit.net/fr/aljazira-mtl https://praysalat.com/mosque/montreal/2282-aljazira-islamic-center https://www.openstreetmap.org/node/10913892272,
Montréal,AlSalam Masjid mosque (Mosquée Masjid Al Salam),,1232 Stanley St,Montreal,H3B 2S7,+1 514-545-5466,,,http://www.salam-mosque.org/,high,https://praysalat.com/mosque/montreal/2216-alsalam-masjid-mosque,
Montréal,Canadian Institute of Islamic Civilization CIIC MAC (Institut Canadien de Civilisation Musulmane ICCM),,615 Rue Belmont,Montréal,H3B 2L8,+1 514-508-2444,,,https://centres.macnet.ca/theciic/,high,https://praysalat.com/mosque/montreal/2257-canadian-institute-of-islamic-civilization-ciic-mac https://praysalat.com/mosque/montreal/2278-mosque-al-hadara,
Montréal,Centre Communautaire Annour,,4600 Rue Forest,Montréal,H1H 3N8,,,,,high,https://praysalat.com/mosque/saint-lambert/99878-centre-communautaire-annour,
Montréal,Centre Culturel Khadimou Rassoul - Keur Serigne Touba - Nourou Darayni - Sope Serig Fallou - FONCAB,,10775 Avenue Millen,Montréal,,,,,,high,https://www.openstreetmap.org/node/9606004145,
Montréal,Centre islamique de Québec et de Canada (Centre Islamique Al Baina du Québec Canada),,10155 St Laurent Blvd,Montreal,H3L 2N5,+1 514-548-2107,,,https://albaina.ca/,high,https://praysalat.com/mosque/montreal/2279-centre-islamique-de-quebec-et-de-canada https://praysalat.com/mosque/saint-lambert/99873-centre-islamique-de-quebec-et-de-canada,
Montréal,Centre Islamique Libanais à Montréal,,40 Rue de Port-Royal E,Montréal,H3L 1H7,+1 514-381-6827,,,http://cilmontreal.com/,high,https://praysalat.com/mosque/montreal/2231-centre-islamique-libanais-a-montreal https://praysalat.com/mosque/cote-saint-luc/99782-lebanese-islamic-center https://www.openstreetmap.org/way/46865857,
Montréal,Darlington Community Center,,2876 Rue Goyer,Montréal,H3S 1H3,,,,,high,https://praysalat.com/mosque/cote-saint-luc/99773-darlington-community-center,
Montréal,Emam Hosein,,8240Ave,Montreal,H4P 2B3,,,,,high,https://praysalat.com/mosque/cote-saint-luc/99778-emam-hosein,
Montréal,Imani Community Center - ICC,,552 Rue Richmond,Montreal,H3J 1V3,,,,,high,https://mawaqit.net/fr/icc-mtl,
Montréal,Islamic Services of Quebec - ISQ,,2038 Boulevard.Saint-Laurent,Montreal,H2X 2T2,+1 514-999-0986,info@isqc.ca,,https://isqc.ca/,high,https://mawaqit.net/fr/isq https://praysalat.com/mosque/montreal/2228-islamic-services-of-quebec https://praysalat.com/mosque/montreal/2249-isq-mosquee,https://isqc.ca/contact
Montréal,Madrasa And Musalla Omar (Madrassat omar bno lkhatabe),,7690 Av. Querbes,Montréal,H3N 1K6,+1 514-746-0541,,,,high,https://praysalat.com/mosque/cote-saint-luc/99769-madrasa-and-musalla-omar,
Montréal,Markaz Hub E Rasool,,1006 Rue Jean-Talon O,Montréal,H3N 1T1,+1 514-882-1400,,,,high,https://praysalat.com/mosque/montreal/2289-markaz-hub-e-rasool,
Montréal,Mosalla Baitul Maqdis,,9085 45e Rue,Montréal,H1Z 1M6,,,,,high,https://praysalat.com/mosque/montreal/2269-mosalla-baitul-maqdis https://praysalat.com/mosque/saint-lambert/99875-baitul-muqaddas,
Montréal,Mosquee,,2025 Madison Ave,Montreal,H4B 2T2,,,,,high,https://praysalat.com/mosque/cote-saint-luc/99776-mosquee,
Montréal,Mosquée Al falah Ahuntsic,,1 Rue Legendre O,Montréal,H2N 1G9,,,,,high,https://praysalat.com/mosque/montreal/2281-mosquee-al-falah-ahuntsic https://praysalat.com/mosque/montreal/47729-centre-islamic-ahuntsic-cartierville,
Montréal,Mosquee Al Qods,,2465 Rue Bélanger,Montréal,H2G 1E6,+1 514-729-5737,,,,high,https://praysalat.com/mosque/montreal/2229-mosquee-al-qods https://www.openstreetmap.org/way/364700604,
Montréal,Mosquée El-Balkan,,2836 Rue Allard,Montreal,H4E 2M2,+15143602663,allerdmosque.montreal@gmail.com,,https://balkanmc.wordpress.com/,high,https://mawaqit.net/fr/el-balkan-mtl https://praysalat.com/mosque/montreal/2248-masjid-al-balkan https://praysalat.com/mosque/cote-saint-luc/99755-masjid-al-balkan,https://balkanmc.wordpress.com/contact/
Montréal,Mosquee Fomac Centre Loqman,,9850 Rue Tolhurst #201,Montreal,H3L 1Z4,+1 514-812-4041,,,,high,https://praysalat.com/mosque/cote-saint-luc/99763-mosquee-fomac-centre-loqman,
Montréal,Mosquée Rahma du CDS BALIMAYA,,5690 Rue Fullum,Montreal,H2G 2H7,+15142722424,don@cdsbalimaya.org,,https://cdsbalimaya.org/,high,https://mawaqit.net/fr/mosquee-rahma-montreal-qc-h2g-2h7-canada https://praysalat.com/mosque/montreal/2290-mosqu-e-rahma-du-cds-balimaya https://praysalat.com/mosque/cote-saint-luc/99759-mosquee-rahma-du-cds-balimaya https://praysalat.com/mosque/montreal/47733-jumah,https://mawaqit.net/fr/mosquee-rahma-montreal-qc-h2g-2h7-canada
Montréal,Musallah hamza,,569 Jarry St W,Montreal,H3N 1G1,+1 438-401-1875,,,https://prayersconnect.com/mosques/12411921-musallah-hamza-montreal-quebec-canada,high,https://praysalat.com/mosque/montreal/2280-musallah-hamza,
Montréal,Shah Jalal Mosque (Centre Islamique Shah Jalal),,3740 Rue Workman,Montréal,H4C 1N8,+1 514-935-1213,,,,high,https://praysalat.com/mosque/montreal/2215-shah-jalal-mosque,
Montréal,Taqwa - مركز التقوى,,8330 Bd Parkway,Montreal,H1J 1N2,+14383957522,admin@montaqwa.ca,,,high,https://mawaqit.net/fr/taqwa-mtl,https://mawaqit.net/fr/taqwa-mtl
Montréal,The Message of Islam Foundation (Fondation Message de lIslam),,10555 St Laurent Blvd,Montreal,H3L 2P5,+1 514-385-3443,,,http://davetvakfi.org/,high,https://praysalat.com/mosque/montreal/2241-the-message-of-islam-foundation https://www.openstreetmap.org/way/706219512,
Montréal,Turkish Islamic Centre of Quebec (Centre communautaire turc de Montréal),,3785 Rue Villeray,Montréal,H2A 1G5,+1 514-722-1835,,,http://www.turkcommunity.ca/,high,https://praysalat.com/mosque/montreal/47727-turkish-islamic-centre-of-quebec,
Montréal,Mosquée Al-Rawdah / Centre Communautaire Laurentien (MAC),mosque,12253 Boulevard Laurentien,Montréal (Ahuntsic-Cartierville),H4K 1N5,+1 514-227-5000,info@alrawdah.ca,,https://centres.macnet.ca/alrawdah/fr/,high,https://mapcarta.com/N6467166681 https://praysalat.com/mosque/montreal/2221-al-rawdah-masjid https://www.openstreetmap.org/node/6467166681,https://www.openstreetmap.org/node/6467166681
Montréal,Mosquée Tawuba,mosque,2361 rue Ontario Est,Montréal (Centre-Sud),H2K 1W2,514-991-3441,tawubamosque@gmail.com,,https://tawuba.ca/,high,https://proudmuslimmtl.ca/masjids/mercier-hochelaga-maisonneuve/ https://praysalat.com/mosque/montreal/2253-mosquee-tawuba https://www.openstreetmap.org/node/12029150923,https://tawuba.ca/
Montréal,Baitul Ma'Moor Mosque,mosque,2833 rue Ontario Est,Montréal (Centre-Sud/Hochelaga),H2K 1X5,0014385307992,maamoor2022@gmail.com,,http://www.mamoor.ca,high,http://www.mamoor.ca/location.html https://mawaqit.net/fr/baitul-ma3moor-mtl https://praysalat.com/mosque/montreal/2245-baitul-ma-moor-mosque https://praysalat.com/mosque/cote-saint-luc/99764-baitul-ma-moor https://www.openstreetmap.org/node/11974328793,https://mawaqit.net/fr/baitul-ma3moor-mtl
Montréal,Ahlul-Bayt (PBUT) Islamic Organization and Mosque (Shia),mosque,4075 Avenue de Courtrai,Montréal (Côte-des-Neiges),H3S 1B8,514-342-7001,,,http://www.ahlillbait.org/,high,https://wocoshiac.org/en/shia-centers-en/america-en-c/canada-en/center5-en ; https://shiatent.com/listing/ahlul-bayt-pbut-islamic-mosque-and-shia-organization-in-montreal/ https://praysalat.com/mosque/montreal/2252-masjid-ahlillbait-mosque https://www.openstreetmap.org/way/389046761,
Montréal,Al-Khoei Islamic Foundation (Shia),islamic_centre,7085 Chemin de la Côte-des-Neiges,Montréal (Côte-des-Neiges),H3S 2B8,514-341-2235,info@khoei.ca,AlKhoeiFoundation@gmail.com,,high,https://muslimlink.ca/directory/montreal/muslim-services/masjids-musallahs/3154-al-khoei-mtl?city=Montreal,https://www.khoei.ca/destinations
Montréal,Bilal Islamic & Cultural Center of Quebec (Musallah Bilal),islamic_centre,"5775 Avenue Victoria, Suite 107 (older listing: 5482 Avenue Victoria)",Montréal (Côte-des-Neiges),H3W 2R4,514-739-3856 (older: 514-342-0210),,,https://www.facebook.com/bilalicq/,high,http://mosquelist.blogspot.com/2012/04/mosques-in-montreal.html ; https://www.islamicfinder.org/world/view-place/4127/ https://prayersconnect.com/mosques/12491958-bilal-islamic-cultural-center-of-quebec-montreal-quebec-canada https://praysalat.com/mosque/montreal/2223-bilal-islamic-centre-of-quebec https://www.openstreetmap.org/node/10763488549,
Montréal,Canadian House of Wisdom (CHW) (Shia hawzah/centre),islamic_centre,5149 Boulevard Décarie,Montréal (Côte-des-Neiges),H3W 3C2,514-481-0606,info@canadianhw.ca,,https://www.canadianhw.ca/,high,https://www.canadianhw.ca/chw.html,https://www.canadianhw.ca/
Montréal,Imambargah Babul Hawaij (Shia),islamic_centre,"5110 Avenue de Courtrai, #301",Montréal (Côte-des-Neiges),H3W,514-733-7447,,,babulhawaij.ca,medium,https://muslimlink.ca/directory/montreal/muslim-services/masjids-musallahs/3169-imambargah-babul-hawaij?city=montreal,
Montréal,Masjid Baitul Mukarram,mosque,4225 Avenue de Courtrai,Montréal (Côte-des-Neiges),H3S 1B8,514-737-8671,connect@mbmmtl.org,masjidbaitulmukarrammtl@gmail.com,https://www.facebook.com/masjidbaitulmukarrammtl/,high,https://muslimlink.ca/directory/montreal/muslim-services/masjids-musallahs/3126-baitul-mukkarram?city=montreal https://praysalat.com/mosque/montreal/2222-masjid-baitul-mukarram https://www.openstreetmap.org/way/389045553,https://initiatives-musulmanes.com/dalilook/directory/masjid-baitul-mukarram/
Montréal,Mosquée Al Falah (Association Centre Côte-des-Neiges),mosque,6550 Avenue de Darlington,Montréal (Côte-des-Neiges),H3S 2J3,514-736-5023,,,,high,https://muslimlink.ca/directory/montreal/muslim-services/masjids-musallahs/3144-al-falah?city=Montreal https://www.islamicfinder.org/world/view-place/60436/ https://praysalat.com/mosque/montreal/2292-association-du-centre-cote-des https://praysalat.com/mosque/cote-saint-luc/99762-association-du-centre-cote-des https://praysalat.com/mosque/montreal/2250-mosquee-al-falah https://praysalat.com/mosque/cote-saint-luc/99758-mosquee-al-falah https://www.openstreetmap.org/node/2379217383,
Montréal,Mosquée Dhoun-Nourain,mosque,"5180 Chemin Queen-Mary, Local 320 (reported relocated to 5275 Chemin Queen-Mary, 2nd floor)",Montréal (Côte-des-Neiges),H3W 3E7,,info@dhoun-nourain.com,contact@dhoun-nourain.com,https://mosquee-dhoun-nourain.com/,high,https://mosquee-dhoun-nourain.com/contact/ https://praysalat.com/mosque/montreal/2225-dhoun-nourain-mosque,https://mosquee-dhoun-nourain.com/how-to-teach-kids-ramadan-isnt-about-food/
Montréal,Taiba Masjid (Socio-Cultural Center),mosque,3560 Avenue Van Horne,Montréal (Côte-des-Neiges),H3S 1R6,,,,,high,https://moonode.com/entity/taiba-410971-3560-avenue-van-horne-montreal-qc-h3s-1r6-canada https://praysalat.com/mosque/montreal/2251-taiba-masjid https://praysalat.com/mosque/cote-saint-luc/99749-taiba-mosque https://www.openstreetmap.org/node/3115985296,
Montréal,"Université de Montréal multifaith prayer rooms (pilot; CEPSUM 8250, Jean-Brillant B-3315, Aménagement 0036)",university,Campus Université de Montréal (CEPSUM room 8250; Pavillon Jean-Brillant B-3315; Faculté de l'aménagement room 0036),Montréal (Côte-des-Neiges),,,,,https://aemudm.ca/,low,https://quartierlibre.ca/de-nouveaux-espaces-pour-prier-a-ludem/,
Montréal,Masjid Salahouddine,mosque,6691 avenue du Parc,Montréal (La Petite-Patrie/Mile-Ex),H2V 4J1,514-274-6194,info@aicp.ca,,https://www.aicp.ca/montreal/,high,https://muslimlink.ca/directory/montreal/muslim-services/masjids-musallahs/3151-salahouddine-mosque?city=montreal https://praysalat.com/mosque/montreal/47726-salahouddine-mosque https://praysalat.com/mosque/montreal/2243-masjid-salahouddine https://praysalat.com/mosque/cote-saint-luc/99761-salahouddine-mosque,https://muslimlink.ca/directory/montreal/muslim-services/masjids-musallahs/3151-salahouddine-mosque?city=montreal
Montréal,Association Musulmane de Lachine (AML) / Al-Sahabah Lachine Mosquée,mosque,1220 Rue Notre-Dame (Waze lists 1212 Rue Notre-Dame),Montréal (Lachine),H8S 2C6,+1 514-245-3081,contact@amlachine.org,info.aml.org@gmail.com,https://www.amlachine.org/en,high,https://www.amlachine.org/en https://praysalat.com/mosque/cote-saint-luc/99751-association-musulmane-de-lachine,https://www.amlachine.org/en
Montréal,Communauté Musulmane de LaSalle / Musalla Umar,mosque,9023 Rue Airlie,Montréal (LaSalle),H8R 2A4,514-367-5858,,,http://www.cmlasalle.org/,high,https://canada247.org/explore/quebec/communaute_urbaine_de_montreal/montreal/lasalle/musalla-umar.html https://mawaqit.net/fr/cmlasalle-mtl https://praysalat.com/mosque/cote-saint-luc/99765-musalla-umar https://www.openstreetmap.org/node/10794039084,
Montréal,Centre Communautaire Al Hidayat (Mosquée Al Hidayat),mosque,5955 Rue Hochelaga,Montréal (Mercier-Hochelaga-Maisonneuve),H1N 1X3,514-313-6903,ccalhidaya@gmail.com,,,high,https://muslimlink.ca/directory/montreal/muslim-services/masjids-musallahs/3186-centre-communautaire-al-hidayat?city=montreal ; https://www.pagesjaunes.ca/bus/Quebec/Montreal/Alhidayat-Association/7215595.html https://mawaqit.net/fr/al-hidayah-mtl https://praysalat.com/mosque/montreal/2259-alhidayat-association https://praysalat.com/mosque/montreal/2246-centre-communautaire-al-hidaya,https://mawaqit.net/fr/al-hidayah-mtl
Montréal,Association Musulmane de Montréal-Nord (Masjid Noor Al-Islam),mosque,10395 avenue Pelletier,Montréal (Montréal-Nord),H1H 3R2,514-416-6244,info@ammn.ca,,http://www.ammn.ca,high,https://proudmuslimmtl.ca/masjids/montreal-nord/ https://praysalat.com/mosque/montreal/2219-noor-al-islam-masjid,https://ammn.ca/contact
Montréal,Centre Culturel Islamique Ach-Choura,mosque,5434 boulevard Henri-Bourassa Est,Montréal (Montréal-Nord),H1G 2S9,514-852-0778,c.c.achoura@gmail.com,,http://achoura.ca,high,https://www.yellowpages.ca/bus/Quebec/Montreal-Nord/Centre-Culturel-Islamique-Ach-Choura/7123192.html https://praysalat.com/mosque/montreal/2232-ach-choura-mosque,https://achoura.ca/contactus
Montréal,Islamic Center Al-Houda (ICAH),islamic_centre,9935 avenue Lausanne,Montréal (Montréal-Nord),H1H 5A6,514-291-9256,,,,high,https://moonode.com/entity/islamic-center-al-houda--828889-9935-av-lausanne-montreal-nord-qc-h1h-5a6-canada https://praysalat.com/mosque/montreal/2240-islamic-center-al-houda https://praysalat.com/mosque/saint-lambert/99877-islamic-center-al-houda,
Montréal,Masjid Fatima Azzahra (Fondation Internationale Azzahra),mosque,3642 rue Fleury Est,Montréal (Montréal-Nord),H1H 2S4,514-727-6666,,,http://azzahra.ca,high,https://muslimlink.ca/directory/montreal/muslim-services/masjids-musallahs/3180-fatima-azzahra?city=montreal https://praysalat.com/mosque/montreal/47725-fatima-azzahra-mosque https://praysalat.com/mosque/montreal/2271-masjid-fatima-azzahra,
Montréal,Mosquée Imam Warch,mosque,3210 boulevard Henri-Bourassa Est,Montréal (Montréal-Nord),H1H 5T1,514-508-5282,aman.club3d@gmail.com,,http://www.imamwarch.com,high,https://moonode.com/entity/imam-warch-813840-3210-boul-henri-bourassa-e-montreal-nord-qc-h1h-5t1-canada https://praysalat.com/mosque/montreal/2288-mosquee-imam-warch,https://www.facebook.com/masjidimamwarch.aman/
Montréal,Ahmadiyya Muslim Community of Quebec - Al-Nusrat Mosque,mosque,9899 Boulevard Saint-Michel,Montréal (Montréal-Nord / Saint-Michel),H1H 5G7,905-303-4000 (national HQ),,,https://www.ahmadiyya.ca/mosques/al-nusrat,high,https://ahmadiyya.ca/mosque/al-nusrat/ ; https://mrsp.mcgill.ca/reports/datasheets/Ahmadiyya.htm https://praysalat.com/mosque/saint-lambert/99872-centre-islamique-ahmadiyya-de-montreal,
Montréal,Mosquée NDG,mosque,6277 Rue Saint-Jacques,Montréal (Notre-Dame-de-Grâce),H4B 1T6,514-545-2515,info@ndg-mosque.com,,ndg-mosque.com,high,https://www.praysalat.com/mosque/montreal/2226-mosquee-ndg https://praysalat.com/mosque/montreal/2226-mosquee-ndg https://praysalat.com/mosque/cote-saint-luc/99747-mosquee-ndg,https://ndg-mosque.com/contact-us/
Montréal,Muslim Community of Quebec (MCQ) / Mosquée de Montréal,mosque,7445 Avenue Chester,Montréal (Notre-Dame-de-Grâce),H4V 1M4,+1 514-484-2967,IT@MuslimCommunityOfQuebec.ca,president@muslimcommunityofquebec.ca,https://muslimcommunityofquebec.ca/,high,"https://islammessage.org/en/center/2058/Muslim-Community-of-Quebec--7445-Chester-Avenue,-NDG,-Montr%C3%A9al,-QC-H4V-1M4 https://mawaqit.net/fr/mcq-mtl https://praysalat.com/mosque/montreal/2277-muslim-community-of-quebecmcq-communaute-musulmane-du-quebeccmq https://praysalat.com/mosque/cote-saint-luc/99746-muslim-community-of-quebec-mcq-communaute-musulmane-du-quebec-cmq https://praysalat.com/mosque/cote-saint-luc/99753-ndg-mosque",https://mawaqit.net/fr/mcq-mtl
Montréal,Shiane Haidery Islamic Association (SHIA) (Shia),islamic_centre,2174 Avenue Belgrave,Montréal (Notre-Dame-de-Grâce),H4A 2L8,514-483-0167,info@shianehaidery.com,,https://shianehaidery.com/,high,https://shianehaidery.com/ ; https://www.yellowpages.ca/bus/Quebec/Montreal/Shiane-Haidery-International-Association-Inc-SH-I-A/1441617.html,search result summary of shianehaidery.com / directory listings
Montréal,Association Faizan-e-Madina (Dawat-e-Islami),islamic_centre,"810 Rue Saint-Roch (other listings: 6502 Avenue du Parc, H2V 4H9)",Montréal (Parc-Extension),H3N 1L4,514-273-9509,,,https://mawaqit.net/en/faizan-e-madinah-mtl,high,https://www.yellowpages.ca/bus/Quebec/Montreal/Association-Faizan-E-Madina/4019577.html ; https://muslimlink.ca/directory/montreal/muslim-services/masjids-musallahs/3167-faizan-e-madina?city=montreal https://praysalat.com/mosque/montreal/47724-centre-faizan-e-madina https://praysalat.com/mosque/cote-saint-luc/99756-centre-faizan-e-madina,
Montréal,Madina Musallah,musalla,764 Rue de Liège Ouest,Montréal (Parc-Extension),H3N 1B2,,,,,high,https://prayersconnect.com/mosques/12450748-madina-musallah-montreal-quebec-canada ; http://mosquelist.blogspot.com/2012/04/mosques-in-montreal.html (as 'Mosquée Madinah') https://praysalat.com/mosque/montreal/2273-madina-musallah,
Montréal,Maison Masjid Canada,musalla,"6830 avenue du Parc, #365B",Montréal (Parc-Extension),H3N 1W7,438-270-5089,info@masjidcanada.org,,https://masjidcanada.org/,high,https://masjidcanada.org/,https://masjidcanada.org/contact
Montréal,Masjid Uthman bin Affan,musalla,"950 avenue Ogilvy, local 8",Montréal (Parc-Extension),H3N 1P4,,,,,medium,https://www.scribd.com/doc/90596543/Liste-Mosque-Last,
Montréal,Mosquée Assuna Annabawiyah,mosque,7220 Rue Hutchison,Montréal (Parc-Extension),H3N 1Z1,514-278-8441,info@assuna.org,,https://assuna.org/,high,http://assuna.org/services-et-appui/mosquee/ https://www.scribd.com/doc/90596543/Liste-Mosque-Last https://mawaqit.net/fr/assuna-mtl https://praysalat.com/mosque/montreal/47723-assuna-annabawiyah-mosque https://praysalat.com/mosque/montreal/2244-masjid-assuna-annabawiyah,https://mawaqit.net/fr/assuna-mtl
Montréal,Musallah Al-Ameen (Al Ameen Musalla / Musalla Al-Amin),musalla,774 Rue Jean-Talon Ouest,Montréal (Parc-Extension),H3N 1S2,0015149988992,sunanchoice@hotmail.com,,https://mawaqit.net/en/al-amin-mtl,high,https://moonode.com/entity/musallah-al-ameen--323743-774-rue-jean-talon-montreal-qc-h3n-1s2-canada ; https://prayersconnect.com/mosques/12486372-al-ameen-musalla-montreal-quebec-canada https://mawaqit.net/fr/al-amin-mtl https://praysalat.com/mosque/montreal/2293-al-ameen-musalla,https://mawaqit.net/fr/al-amin-mtl
Montréal,Musallah Zainul Abideen,musalla,8062 Avenue Wiseman,Montréal (Parc-Extension),H3N 2P2,,,,,low,http://mosquelist.blogspot.com/2012/04/mosques-in-montreal.html (old 2012 list),
Montréal,Organisation de la Mosquée Noor-E-Madina,mosque,692 Rue Jean-Talon Ouest,Montréal (Parc-Extension),H3N 1R8,514-276-2459,,,,high,https://www.yellowpages.ca/bus/Quebec/Montreal/Organisation-De-La-Mosquee-Noor-E-Madina/101801966.html ; https://muslimlink.ca/directory/montreal/muslim-services/masjids-musallahs/3177-noor-e-madina?city=montreal https://praysalat.com/mosque/montreal/2272-organization-of-the-masjid-of-noor-e-madina https://praysalat.com/mosque/cote-saint-luc/99757-organization-of-the-masjid-of-noor-e-madina https://www.openstreetmap.org/node/10239306881,
Montréal,Masjid Al Huda,mosque,9540 Boulevard Gouin Ouest,Montréal (Pierrefonds-Roxboro),H8Y 2B1,514-542-4832,admin@ccalhuda.ca,,https://ccalhuda.ca/,high,https://proudmuslimmtl.ca/masjids/pierrefonds-roxboro/ https://praysalat.com/mosque/montreal/2265-masjid-al-huda,https://initiatives-musulmanes.com/dalilook/directory/masjid-al-huda/
Montréal,Mosquée et Centre communautaire CCSCA,mosque,13201 rue Sherbrooke Est,Montréal (Pointe-aux-Trembles),H1A 1C2,,,,,high,https://praysalat.com/mosque/montreal/47730-mosquee-et-centre-communautaire-ccsca https://mawaqit.net/fr/assafae-mtl,
Montréal,Khadijah Masjid (IQRA Foundation),mosque,2485 Rue du Centre,"Montréal (Pointe-Saint-Charles, Le Sud-Ouest)",H3K 1J9,514-939-0681,info@salam-mosque.org,,https://www.iqrafoundation.net/,high,https://muslimlink.ca/directory/montreal/muslim-services/masjids-musallahs/3162-khadijah-masjid?city=montreal https://praysalat.com/mosque/montreal/2220-khadijah-mosque https://www.openstreetmap.org/node/14211979766,https://www.iqrafoundation.net/contact.html
Montréal,"Mosquée El Fath (listed as Masjid Makkah-Al-Mukkaramah, RDP)",mosque,11660 boulevard Rivière-des-Prairies,Montréal (Rivière-des-Prairies),H1C 1P9,514-951-1660,ccf.rdp@gmail.com,,http://www.elfath.ca/,high,https://proudmuslimmtl.ca/masjids/riviere-des-prairies-pointe-aux-trembles/ https://mawaqit.net/fr/elfath-mtl-qc-h1c-1p9-canada https://praysalat.com/mosque/montreal/47721-mosquee-elfath,https://mawaqit.net/fr/elfath-mtl-qc-h1c-1p9-canada
Montréal,Al Bayan Islamic Community Center,mosque,5865 boulevard Saint-Michel,Montréal (Rosemont),H1Y 2E3,438-877-8389,cic.al.bayane07@gmail.com,,http://muslimsservices.net/directory/index.php/fr/item/centre-communautaire-islamique-al-bayane/,high,https://proudmuslimmtl.ca/masjids/rosemont-le-petite-partie/ https://mawaqit.net/fr/al-bayane-mtl https://praysalat.com/mosque/montreal/2262-al-bayan-islamic-community-center-opens-only-during-prayer-times-and-close-30min-after-ishae https://praysalat.com/mosque/montreal/2275-association-al-bayan https://praysalat.com/mosque/cote-saint-luc/99754-al-bayan-islamic-community-center-opens-only-during-prayer-times-and-close-30-min-after-ishae,https://mawaqit.net/fr/al-bayane-mtl
Montréal,Centre Communautaire Islamique de l'Est de Montréal (CCIEM / Mosquée Assahaba),mosque,4201 rue Bélanger,Montréal (Rosemont),H1T 1A4,514-725-0008,centre.ciem@gmail.com,,http://cciem.org/,high,https://www.pagesjaunes.ca/bus/Quebec/Montreal/Centre-Communautaire-Islamique-De-L-Est-De-Montr-eal/7497449.html https://mawaqit.net/fr/assahaba-mtl https://praysalat.com/mosque/montreal/2274-centre-communautaire-islamique https://www.openstreetmap.org/node/11203916310,https://mawaqit.net/fr/assahaba-mtl
Montréal,Centre Islamique Al-Andalous (Al-Andalous Islamic Center),islamic_centre,816 Avenue Sainte-Croix (earlier: 970 boul. Décarie),Montréal (Saint-Laurent),H4L 3Y4,514-360-2360,info@icandalous.ca,,https://www.icandalous.ca/,high,https://muslimlink.ca/directory/montreal/muslim-services/masjids-musallahs/3106-Al-Andalous?city=montreal https://praysalat.com/mosque/montreal/2217-al-andalous-islamic-center https://www.openstreetmap.org/way/1164425831,https://www.openstreetmap.org/way/1164425831
Montréal,Centre Islamique Badr de Saint-Léonard,mosque,8625 boulevard Langelier,Montréal (Saint-Léonard),H1P 2C6,514-255-6460,info@centrebadr.net,,http://www.centrebadr.net/,high,https://proudmuslimmtl.ca/masjids/saint-leonard/ https://mawaqit.net/fr/badr-mtl https://praysalat.com/mosque/montreal/2237-badr-islamic-centre-of-saint-leonard https://praysalat.com/mosque/beloeil/99709-badr-islamic-centre-of-saint-leonard https://www.openstreetmap.org/way/46841471,https://www.openstreetmap.org/way/46841471
Montréal,Centre Tawhid (Al Tawhid Mosque),mosque,5950 rue Jean-Talon Est,Montréal (Saint-Léonard),H1S 1M2,514-552-3122,centres.tawhid@gmail.com,,https://www.centres-tawhid.ca/,high,https://proudmuslimmtl.ca/masjids/saint-leonard/ https://praysalat.com/mosque/montreal/2260-al-tawhid,https://www.centres-tawhid.ca/uncategorized/opportunites-demploi-2025-rejoignez-notre-equipe-de-camp-de-jour/
Montréal,Premier Centre Al-Tawhid,mosque,6130 rue Jean-Talon Est,Montréal (Saint-Léonard),H1S 1M7,514-223-2353,contact@altawheed.ca,,https://www.altawhid.ca/,high,https://www.altawhid.ca/ https://praysalat.com/mosque/montreal/2235-premier-masjid-altawheed https://praysalat.com/mosque/montreal/2284-mosquee-centre-al-tawheed https://praysalat.com/mosque/saint-lambert/99876-mosquee-centre-al-tawheed,https://www.altawhid.ca/
Montréal,Tawheed Mosque (boulevard Lacordaire),mosque,6955 Bd Lacordaire,Montréal (Saint-Léonard/Rosemont),H1T 1G7,+1 514-807-4207,,,,high,https://proudmuslimmtl.ca/masjids/saint-leonard/ https://praysalat.com/mosque/montreal/2267-madrassa-tawhid,
Montréal,Mosquée et Centre Assalam,mosque,8988 boulevard Saint-Michel,Montréal (Saint-Michel),H1Z 3G4,438-993-8682,info@associationlapaix.org,,http://www.associationlapaix.org,high,https://www.pagesjaunes.ca/bus/Quebec/Montreal/Centre-Et-Mosquee-Assalam/102188614.html https://mawaqit.net/fr/assalam-mtl https://praysalat.com/mosque/montreal/2239-mosquee-et-centre-assalam https://praysalat.com/mosque/montreal/2266-masjid-assalam,https://mawaqit.net/fr/assalam-mtl
Montréal,Mosquée Dar Al-Arqam (Association Musulmane Dar Al-Arkam de Montréal / Association Musulmane de Montréal Est),mosque,3661 Rue Jean-Talon Est,Montréal (Saint-Michel / Villeray-Saint-Michel-Parc-Extension),H2A 1X7,514-374-9572,,,,high,https://muslimlink.ca/directory/montreal/muslim-services/masjids-musallahs/3146-Dar%20Al-Arqam?city=montreal ; https://www.pagesjaunes.ca/bus/Quebec/Montreal/Association-Musulmane-Dar-Alarkam-De-Montreal/2099456.html https://praysalat.com/mosque/montreal/2255-association-musulmane-dar-al-arkam,
Montréal,Mosquée Yunus / Turkish Islamic Center of Quebec,mosque,3783-3785 rue Villeray,Montréal (Saint-Michel/Villeray),H2A 1G5,514-722-1835,info@turkcommunity.ca,,,high,https://prayersconnect.com/mosques/12494853-turkish-islamic-center-of-quebec-montreal-quebec-canada,https://muslimlink.ca/directory/montreal/muslim-services/masjids-musallahs/3164-turkish-community-center?city=Montreal
Montréal,Centre Islamique de Verdun / Mosquée Abuhuraira (MAC),mosque,4538 Rue de Verdun,Montréal (Verdun),H4G 1M3,514-508-9419,info@civmac.ca,,http://civmac.ca,high,https://muslimlink.ca/directory/montreal/muslim-services/masjids-musallahs/3158-centre-islamique-de-verdun?city=montreal https://mawaqit.net/fr/civmac https://www.openstreetmap.org/way/1009553789,https://mawaqit.net/fr/civmac
Montréal,Centre Al-Madinah (downtown),islamic_centre,1260 Mackay St,Montréal (Ville-Marie),H3G 2H4,+1 514-360-3175,info@almadinah-center.org,,http://mosqueprayertimes.com/micm,high,https://www.salam-mosque.org/ https://praysalat.com/mosque/montreal/2230-al-madinah-center https://praysalat.com/mosque/cote-saint-luc/99771-al-madinah-mosque,https://almadinah-center.org/en/contact-us/
Montréal,Concordia University MSA musalla,university,,Montréal (Ville-Marie),,,,,,low,https://www.icqmontreal.com/montrealMosques.html,
Montréal,"Mosquée As-Salam (Masjid As-Salam, IQRA/downtown)",mosque,1177 Rue de la Montagne,Montréal (Ville-Marie),H2X 2W4,514-879-8677,info@salam-mosque.org,,https://www.salam-mosque.org/,high,https://www.salam-mosque.org/ https://www.pagesjaunes.ca/bus/Quebec/Montreal/Mosquee-Al-Omah-Al-Islamiah/1088730.html ; https://muslimlink.ca/directory/montreal/muslim-services/masjids-musallahs/3148-al-umma-al-islamyah-mosque?city=montreal https://mawaqit.net/fr/alsalam-mtl https://mawaqit.net/fr/ommah https://praysalat.com/mosque/montreal/2224-mosquee-al-omah-al-islamiah,https://www.salam-mosque.org/prayer-times/
Montréal,"MSA McGill prayer room (McGill Mosque, Shatner Building room B-09)",university,"3480 rue McTavish, Shatner (SSMU) Building, basement room B-09",Montréal (Ville-Marie),H3A 1X9,514-398-4400 ext. 09849,prayer@msamcgill.com,,https://msamcgill.com/,high,https://msamcgill.com/new-to-mcgill/ ; https://esalah.com/places/canada/montreal/montreal/masjids/mcgill-mosque-prayer-space-room-b-09/ https://www.mcgill.ca/morsl/spaces-prayer-worship-and-meditation-campus https://praysalat.com/mosque/montreal/2291-msa-mcgill-office https://praysalat.com/mosque/cote-saint-luc/99767-msa-mcgill-office,https://msamcgill.com/contact/ (search snippet; VP Prayer address)
Montréal,Aisha Islamic Center (AIC),islamic_centre,425 Rue de l'Aqueduc,Montréal (Ville-Marie / Griffintown),H3C 4J8,514-360-3133,,,http://aishaic.org/,high,https://muslimlink.ca/directory/montreal/muslim-services/masjids-musallahs/3165-aisha-islamic-center?city=montreal ; http://www.ecoleislamiquea3p.com/pages/mosquees-a-montreal-et-alentours/centre-ville/ https://praysalat.com/mosque/montreal/2218-aisha-islamic-center,
Montréal,Mosquée Fatima (Fatima Mosque),mosque,2012 Rue Saint-Dominique,Montréal (Ville-Marie / Plateau edge),H2X 2X1,514-285-1893,,,,high,https://muslimlink.ca/directory/montreal/muslim-services/masjids-musallahs/3176-fatima-mosque?city=montreal ; http://www.ecoleislamiquea3p.com/pages/mosquees-a-montreal-et-alentours/centre-ville/ https://praysalat.com/mosque/montreal/47735-mosquee-fatima https://www.openstreetmap.org/node/509331412,
Montréal,Centre Bel Agir (Masjid Al-Ihsan),mosque,8390 rue Saint-Hubert,Montréal (Villeray),H2P 1Z3,514-383-3682,belagir.centre@gmail.com,,http://www.belagir.ca,high,https://moonode.com/entity/bel-agir-192280-8390-rue-st-hubert-montreal-qc-h2p-1z3-canada https://mawaqit.net/fr/bel-agir-mtl https://praysalat.com/mosque/montreal/2233-mosquee-bel-agir,https://mawaqit.net/fr/bel-agir-mtl
Montréal,Centre Communautaire Villeray / Mosquée Aboubakr,mosque,371 rue Jean-Talon Est,Montréal (Villeray),H2R 2E2,514-506-8899,info@ccvmac.ca,,https://ccvmac.ca,high,https://www.facebook.com/ccvmac.ca/ https://praysalat.com/mosque/montreal/47722-abou-bakr-asseddique-mosque,https://centres.macnet.ca/ccv/fr/contactez-nous/
Montréal,Mosquée ALIRFAN,,10963 Rue Massé,Montréal-Nord,H1G 4G5,+1 514-623-1762,,,,high,https://praysalat.com/mosque/montreal/2286-mosquee-alirfan,
Montréal,Enlightened Path Institute Epiqc (Institut de la voie éclairée (EPIQC)),,4862 Saint-Charles Blvd,Pierrefonds,H9H 3E2,+1 438-600-8699,,,,high,https://praysalat.com/mosque/kirkland/99900-enlightened-path-institute-epiqc,
Montérégie,Centre Communautaire Musulman de Boucherville (CCMB),islamic_centre,550 boul. de Mortagne,Boucherville,J4B 1B8,450-641-9876,contact@ccmboucherville.ca,,https://ccmboucherville.ca/,high,https://ccmboucherville.ca/ https://mawaqit.net/fr/ccmb https://praysalat.com/mosque/boucherville/99726-islamic-center-boucherville https://praysalat.com/mosque/boucherville/99727-masjid-boucherville,https://mawaqit.net/fr/ccmb
Montérégie,Abshar (Afghan/Persian prayer space),musalla,,Brossard,,,,,,low,https://www.zabihah.com/mosques/cb660389-7767-11ef-95ae-6045bdeb9f57/abshar-brossard-qc,
Montérégie,Brossard Ismaili Jamat Khana,,Boulevard Matte,Brossard,J5B 1V8,,,,,low,https://www.openstreetmap.org/way/242268200,
Montérégie,Ebrahim Musallah,musalla,1505A boul. Provencher,Brossard,J4W 1Z3,,,,,medium,https://salatomatic.com/spc/bC9P4EsQmF,
Montérégie,Fondation Al Ummah Ibrahim,,2405 Boul. Lapinière,Brossard,J4Z 2K8,,fondationalummahibrahim@hotmail.com,,,high,https://mawaqit.net/fr/alummahibrahim https://praysalat.com/mosque/montreal/2283-masjid https://praysalat.com/mosque/brossard/99601-muslim-prayer-room,https://mawaqit.net/fr/alummahibrahim
Montérégie,Islamic Community Center of South Shore (ICC Brossard) - Masjid Quba / Centre Communautaire Islamique de la Rive-Sud,mosque,5905 boul. Grande-Allée,Brossard,J4Z 3G4,450-656-9841,services@iccbrossard.com,administrator@iccbrossard.com,https://iccbrossard.com/,high,https://brossard-quebec.catalog-online.ca/mosque/islamic-community-center-brossard/ https://mawaqit.net/fr/icc-brossard https://praysalat.com/mosque/montreal/2242-islamic-community-center https://praysalat.com/mosque/brossard/99600-islamic-community-center https://www.openstreetmap.org/node/11755420030,https://iccbrossard.com/
Montérégie,Association de la Paix de Chambly (APC) - Mosquée,mosque,1691C boul. de Périgny,Chambly,J3L 4C3,0014505931870,info@apchambly.com,,https://www.apchambly.com/,high,"https://islammessage.org/fr/center/2053/Association-de-la-Paix-de-Chambly--1691-Boulevard-de-P%C3%A9rigny,-Chambly,-QC-J3L-1X1 https://mawaqit.net/fr/jamii-salam-chambly-qcj3l1x1-canada https://praysalat.com/mosque/chambly/99792-mosque-de-la-paix",https://mawaqit.net/fr/jamii-salam-chambly-qcj3l1x1-canada
Montérégie,Association Culturelle Musulmane Al Amal Châteauguay (ACMAC) - Mosquée Al Amal,mosque,120 boul. Saint-Jean-Baptiste,Châteauguay,J6K 3A9,+1 438-938-2803,info@acmac.ca,sadaqa@acmac.ca,https://acmac.ca/,high,https://acmac.ca/fr/mosque https://mawaqit.net/fr/al-amal-chateauguay https://praysalat.com/mosque/chateauguay/99677-association-culturelle-al-amal,https://acmac.ca/fr/contact
Montérégie,Centre Culturel Musulman de Châteauguay - Mosquée Arrahmane,mosque,161 boul. Saint-Jean-Baptiste,Châteauguay,J6K 3B4,514-207-0613,razmane24@gmail.com,,https://ccmchateauguay.org/,high,https://www.waze.com/live-map/directions/ca/qc/chateauguay/centre-culturel-musulman-de-chateauguay-mosquee-arrahmane?to=place.ChIJX5xkjlAVyUwRlR-KUovIaF0 https://mawaqit.net/fr/ccm-chateauguay https://praysalat.com/mosque/chateauguay/99678-centre-culturel-musulman-de-chateauguay-mosquee-arrahmane,https://prayersconnect.com/mosques/12461409-centre-culturel-musulman-de-chateauguay-mosquee-arrahmane-chateauguay-quebec-canada
Montérégie,Mosquée Châteauguay,mosque,215C boul. d'Anjou,Châteauguay,J6J 2R3,+1 450-268-1643,chateauguaymosquee@gmail.com,,https://mosqueechateauguay.ca/,high,https://mosqueechateauguay.ca/locations/mosquee-chateauguay/ https://mawaqit.net/fr/mosquee-de-chateauguay https://praysalat.com/mosque/chateauguay/99676-mosque-of-chateauguay https://www.openstreetmap.org/node/8099108067,https://mosqueechateauguay.ca/
Montérégie,Mosquée Attawassol (Centre Culturel Islamique de Roussillon),mosque,11 4e Avenue,Delson,J5B 1P9,+1 450-282-1129,info@cciroussillon.com,,https://masjidattawassol.com/,high,https://masjidattawassol.com/en/ https://mawaqit.net/fr/ccir-delson https://praysalat.com/mosque/la-prairie/99847-ccir-mosquee-attawassol https://praysalat.com/mosque/cote-saint-luc/99768-centre-culturel-islamique-de-roussillon https://praysalat.com/mosque/cote-saint-luc/99780-mosquee https://www.openstreetmap.org/node/7285780804,https://masjidattawassol.com/contactez-nous
Montérégie,Centre Culturel Islamique de Granby (Mosquée Granby),mosque,317 rue Racine,Granby,J2G 3B6,450-994-3091,info@mosqueegranby.com,,https://mosqueegranby.com/,high,"https://islammessage.org/en/center/2074/Centre-Culturel-Islamique-de-Granby--317-Rue-Racine,-Granby,-QC-J2G-3B6 https://mawaqit.net/fr/cci-granby https://praysalat.com/mosque/granby/70866-islamic-cultural-centre",https://mosqueegranby.com/contact-ccig/
Montérégie,Centre Communautaire Musulman de Longueuil (CCML),islamic_centre,1398 chemin de Chambly,Longueuil,J4J 3X3,450-321-1225,info@ccmlongueuil.ca,infoccmlongueuil@gmail.com,https://ccmlongueuil.ca/,high,https://opengovca.com/quebec-business/1164163843 https://mawaqit.net/fr/ccml-longueuil https://praysalat.com/mosque/montreal/2263-centre-communautaire-musulman-de-longueuil https://praysalat.com/mosque/cote-saint-luc/99760-centre-communautaire-musulman-de-longueuil,https://mawaqit.net/fr/ccml-longueuil
Montérégie,Jamia Islamia Longueuil,mosque,2144 rue Sainte-Hélène,Longueuil,J4K 3T6,450-674-9018,,,http://mosqueprayertimes.com/jamiaislamialongueuil,high,https://moonode.com/entity/jamia-islamia-498266-2144-rue-sainte-helene-longueuil-qc-j4k-3t6-canada https://mawaqit.net/fr/jamia-islamia-longueuil https://praysalat.com/mosque/montreal/2296-jamia-islamia,
Montérégie,Centre Musulman Al-Manara,islamic_centre,42 rue Saint-Pierre,Saint-Constant,J5A 1A7,450-509-3111,,,,high,https://www.yellowpages.ca/bus/Quebec/Saint-Constant/Centre-Musulman-Al-Manara/100866854.html https://praysalat.com/mosque/saint-constant/99815-centre-musulman-al-manara https://www.openstreetmap.org/node/7503023673,
Montérégie,Masjid Al-Falah (Markaz El Islam),mosque,1885 rue Nielsen,Saint-Hubert (Longueuil),J4T 1P1,450-443-3482,info@masjidalfalah.ca,,https://masjidalfalah.ca/,high,https://moonode.com/entity/al-falah-longueuil-367873-1885-rue-nielsen-saint-hubert-qc-j4t-1p1-canada https://mawaqit.net/fr/alfalah-st-hubert https://praysalat.com/mosque/montreal/2254-masjid-alfalah https://praysalat.com/mosque/saint-lambert/99871-alfalah-mosque,https://masjidalfalah.ca/fr/contacter/
Montérégie,Centre Islamique Maskoutain (Les Maskoutains),islamic_centre,2340 av. Saint-Joseph,Saint-Hyacinthe,J2S 5L5,,info@cimaskoutain.com,,https://cimaskoutain.com/,high,"https://islammessage.org/en/center/2044/Centre-Islamique-Les-Maskoutains--2340-Avenue-Saint-Joseph,-Saint-Hyacinthe,-QC-J2S-5L5 https://mawaqit.net/fr/cim-qc https://praysalat.com/mosque/saint-hyacinthe/71667-le-centre-islamique-maskoutain",https://cimaskoutain.com/contact/
Montérégie,Centre Communautaire Al-Imane (Centre Zad Al-Imane),islamic_centre,1073A boul. du Séminaire Nord,Saint-Jean-sur-Richelieu,J3A 1R2,450-800-4266,centre.alimane@gmail.com,,https://ccai-stjean.org/,high,https://www.thehashir.com/mosques-details/Centre-Communautaire-Al-Imane/314 https://mawaqit.net/fr/ccai-sjsr https://praysalat.com/mosque/saint-jean-sur-richelieu/68726-centre-communautaire-al-imane-ccai,https://mawaqit.net/fr/ccai-sjsr
Montérégie,Vendredi seulement - Centre Al Imane,,287 12e Avenue,Saint-Jean-Sur-Richelieu,J2X 1E4,+14508004266,centre.alimane@gmail.com,,http://ccai-stjean.org,high,https://mawaqit.net/fr/ccai-stjean,https://mawaqit.net/fr/ccai-stjean
Montérégie,Centre Culturel Islamique de Valleyfield,islamic_centre,73 rue Sainte-Cécile,Salaberry-de-Valleyfield,J6T 1L9,450-370-9040,,,,high,https://www.islamicfinder.org/world/view-place/55720/?language=fr https://mawaqit.net/fr/el-houda-valleyfield https://praysalat.com/mosque/salaberry-de-valleyfield/99725-valleyfield-masjid-pciv,
Montérégie,CCM Sorel-Tracy (Centre Communautaire Multiculturel Sorel-Tracy),islamic_centre,351 Bd Fiset,Sorel-Tracy,J3P 3R3,0015147438409,ccmsoreltracy@gmail.com,,http://www.ccmsoreltracy.ca/,high,https://mawaqit.net/en/m/ccm-sorel-tracy https://mawaqit.net/fr/ccm-sorel-tracy,https://mawaqit.net/fr/ccm-sorel-tracy
Montérégie,Centre Culturel Islamique de Vaudreuil-Soulanges - Masjid Attakwa (Vaudreuil Islamic Community Centre),mosque,100 boul. Harwood,Vaudreuil-Dorion,J7V 1X9,450-218-3687,info-iccvs@islamvaudreuil.ca,,https://www.islamvaudreuil.ca/,high,https://canada247.info/explore/quebec/vaudreuil_soulanges/vaudreuil_dorion/dorion/centre-culturel-islamique-de-vaudreuil-soulanges-450-218-3687.html https://mawaqit.net/fr/attakwa-vaudreuil https://praysalat.com/mosque/vaudreuil-dorion/99722-centre-culturel-islamique-de-vaudreuil-soulanges https://praysalat.com/mosque/vaudreuil-dorion/99723-mosquee-dar-attakwa https://www.openstreetmap.org/node/4433505664,https://mawaqit.net/fr/attakwa-vaudreuil
Montérégie,Jamatkhana Karen Ginan Du Montreal Ouest,,160 Rue des Loisirs,Vaudreuil-Dorion,J7V 1K7,,,,,high,https://praysalat.com/mosque/vaudreuil-dorion/99724-jamatkhana-karen-ginan-du-montreal-ouest,
Outaouais,Mosquée Meriam - CIO,,355 Rue Notre Dame,Gatineau,J8P 1L4,,,,https://cio-oic.ca,high,https://mawaqit.net/fr/cio-meriam,
Outaouais,The Mosque of Aylmer (Mosquée d'Aylmer),mosque,21 rue Park,Gatineau (Aylmer),J9H 4J6,+1-819-684-9299,info@mosque-aylmer.ca,imam@mosque-aylmer.ca,https://www.mosque-aylmer.ca/,high,https://www.mosque-aylmer.ca/ https://mawaqit.net/fr/aylmer-mosque-gatineau-j9h-4j6-canada https://www.openstreetmap.org/way/93988220,https://mawaqit.net/fr/aylmer-mosque-gatineau-j9h-4j6-canada
Outaouais,Centre Islamique de l'Outaouais (CIO) - Mosquée de Gatineau,mosque,4 rue Lois,Gatineau (Hull),J8Y 3R1,+1-819-776-1831,display@cio-oic.ca,imam@cio-oic.ca,https://cio-oic.ca/,high,https://cio-oic.ca/locations/la-mosquee-de-gatineau/ https://mawaqit.net/fr/cio-gatineau https://www.openstreetmap.org/way/68588551,https://mawaqit.net/fr/cio-gatineau
Outaouais,Portage Mussalah (Gatineau),musalla,,Gatineau (Hull),,,,,,low,https://prayersconnect.com/mosques/12403783-portage-mussalah-masjid-gatineau-quebec-canada,
Saguenay–Lac-Saint-Jean,Mosquée de Chicoutimi - Association Islamique du Saguenay-Lac-Saint-Jean,mosque,555 rue Bégin,Saguenay (Chicoutimi),G7H 4N7,,info@aislsj.com,,https://mawaqit.net/en/mosquee-chicoutimi,high,https://mawaqit.net/en/mosquee-chicoutimi https://mawaqit.net/fr/mosquee-chicoutimi https://praysalat.com/mosque/saguenay/63283-mosquee,https://mawaqit.net/fr/mosquee-chicoutimi
